word_key,normalised_word,display_word,dialect_code,blocks_current_first_exposure,blocking_micro_skill_keys,lexicon_lookup_key,lexicon_match_status,lexicon_variant_count,syllables,phoneme_hint,stress_pattern,has_schwa,grapheme_notes,existing_morphemes,existing_morphology_notes,existing_irregularity_notes,source_category,source_name,source_url,source_licence,source_use_note,confidence,review_status,review_notes
about_en_gb,about,about,en-GB,TRUE,D4_SCHWA_INITIAL_A_INITIAL,about,matched,1,2,AH0 B AW1 T,unstressed-primary,TRUE,,,,,open_licensed,CMU Pronouncing Dictionary,https://github.com/cmusphinx/cmudict,CMUdict BSD-style permissive licence,"Open pronunciation lexicon used for candidate ARPABET syllable, stress, and schwa metadata. CMUdict is primarily American English, so values require British English review before final use.",low,in_review,Candidate CMUdict-derived pronunciation metadata. Review for British English before merging into canonical_word_metadata.csv.
act_en_gb,act,act,en-GB,TRUE,D4_MOR_ROOTS_ROOT_FAMILY_SPELLING,act,matched,1,1,AE1 K T,primary,FALSE,,,,,open_licensed,CMU Pronouncing Dictionary,https://github.com/cmusphinx/cmudict,CMUdict BSD-style permissive licence,"Open pronunciation lexicon used for candidate ARPABET syllable, stress, and schwa metadata. CMUdict is primarily American English, so values require British English review before final use.",low,in_review,Candidate CMUdict-derived pronunciation metadata. Review for British English before merging into canonical_word_metadata.csv.
actor_en_gb,actor,actor,en-GB,TRUE,D4_SCHWA_FINAL_OR_FINAL,actor,matched,1,2,AE1 K T ER0,primary-unstressed,TRUE,,act + or,Latin root act meaning do; suffix -or marks a person who does the action.,,open_licensed,CMU Pronouncing Dictionary,https://github.com/cmusphinx/cmudict,CMUdict BSD-style permissive licence,"Open pronunciation lexicon used for candidate ARPABET syllable, stress, and schwa metadata. CMUdict is primarily American English, so values require British English review before final use.",low,in_review,Candidate CMUdict-derived pronunciation metadata. Review for British English before merging into canonical_word_metadata.csv.
actual_en_gb,actual,actual,en-GB,TRUE,D4_SCHWA_MEDIAL_NATURAL_ACTUAL,actual,matched,2,3,AE1 K CH AH0 W AH0 L / AE1 K SH AH0 L,primary-unstressed-unstressed,TRUE,,,,natural/actual weak vowel,open_licensed,CMU Pronouncing Dictionary,https://github.com/cmusphinx/cmudict,CMUdict BSD-style permissive licence,"Open pronunciation lexicon used for candidate ARPABET syllable, stress, and schwa metadata. CMUdict is primarily American English, so values require British English review before final use.",low,in_review,Candidate CMUdict-derived pronunciation metadata. Review for British English before merging into canonical_word_metadata.csv.
again_en_gb,again,again,en-GB,TRUE,D4_SCHWA_INITIAL_A_INITIAL,again,matched,2,2,AH0 G EH1 N / AH0 G EY1 N,unstressed-primary,TRUE,,,,,open_licensed,CMU Pronouncing Dictionary,https://github.com/cmusphinx/cmudict,CMUdict BSD-style permissive licence,"Open pronunciation lexicon used for candidate ARPABET syllable, stress, and schwa metadata. CMUdict is primarily American English, so values require British English review before final use.",low,in_review,Candidate CMUdict-derived pronunciation metadata. Review for British English before merging into canonical_word_metadata.csv.
agreement_en_gb,agreement,agreement,en-GB,TRUE,D4_MOR_SUFFIXES_MENT,agreement,matched,1,3,AH0 G R IY1 M AH0 N T,unstressed-primary-unstressed,TRUE,,,,,open_licensed,CMU Pronouncing Dictionary,https://github.com/cmusphinx/cmudict,CMUdict BSD-style permissive licence,"Open pronunciation lexicon used for candidate ARPABET syllable, stress, and schwa metadata. CMUdict is primarily American English, so values require British English review before final use.",low,in_review,Candidate CMUdict-derived pronunciation metadata. Review for British English before merging into canonical_word_metadata.csv.
are_en_gb,are,are,en-GB,TRUE,D4_INF_IRREGULAR_INFLECTIONS_IRREGULAR_PRESENT,are,matched,2,1,AA1 R / ER0,primary,FALSE,,,,,open_licensed,CMU Pronouncing Dictionary,https://github.com/cmusphinx/cmudict,CMUdict BSD-style permissive licence,"Open pronunciation lexicon used for candidate ARPABET syllable, stress, and schwa metadata. CMUdict is primarily American English, so values require British English review before final use.",low,in_review,Candidate CMUdict-derived pronunciation metadata. Review for British English before merging into canonical_word_metadata.csv.
around_en_gb,around,around,en-GB,TRUE,D4_SCHWA_INITIAL_A_INITIAL,around,matched,2,2,ER0 AW1 N D / ER0 AW1 N,unstressed-primary,TRUE,,,,,open_licensed,CMU Pronouncing Dictionary,https://github.com/cmusphinx/cmudict,CMUdict BSD-style permissive licence,"Open pronunciation lexicon used for candidate ARPABET syllable, stress, and schwa metadata. CMUdict is primarily American English, so values require British English review before final use.",low,in_review,Candidate CMUdict-derived pronunciation metadata. Review for British English before merging into canonical_word_metadata.csv.
away_en_gb,away,away,en-GB,TRUE,D4_SCHWA_INITIAL_A_INITIAL,away,matched,1,2,AH0 W EY1,unstressed-primary,TRUE,,,,,open_licensed,CMU Pronouncing Dictionary,https://github.com/cmusphinx/cmudict,CMUdict BSD-style permissive licence,"Open pronunciation lexicon used for candidate ARPABET syllable, stress, and schwa metadata. CMUdict is primarily American English, so values require British English review before final use.",low,in_review,Candidate CMUdict-derived pronunciation metadata. Review for British English before merging into canonical_word_metadata.csv.
babies_en_gb,babies,babies,en-GB,TRUE,D4_INF_PLURALS_IES,babies,matched,1,2,B EY1 B IY0 Z,primary-unstressed,FALSE,,,,plural ies,open_licensed,CMU Pronouncing Dictionary,https://github.com/cmusphinx/cmudict,CMUdict BSD-style permissive licence,"Open pronunciation lexicon used for candidate ARPABET syllable, stress, and schwa metadata. CMUdict is primarily American English, so values require British English review before final use.",low,in_review,Candidate CMUdict-derived pronunciation metadata. Review for British English before merging into canonical_word_metadata.csv.
bedroom_en_gb,bedroom,bedroom,en-GB,TRUE,D4_MOR_COMPOUND_WORDS_CLOSED_COMPOUNDS,bedroom,matched,1,2,B EH1 D R UW2 M,primary-secondary,FALSE,,,,,open_licensed,CMU Pronouncing Dictionary,https://github.com/cmusphinx/cmudict,CMUdict BSD-style permissive licence,"Open pronunciation lexicon used for candidate ARPABET syllable, stress, and schwa metadata. CMUdict is primarily American English, so values require British English review before final use.",low,in_review,Candidate CMUdict-derived pronunciation metadata. Review for British English before merging into canonical_word_metadata.csv.
biology_en_gb,biology,biology,en-GB,TRUE,D4_MOR_ROOTS_SCIENCE_MATH_ROOTS,biology,matched,1,4,B AY0 AA1 L AH0 JH IY0,unstressed-primary-unstressed-unstressed,TRUE,,,,,open_licensed,CMU Pronouncing Dictionary,https://github.com/cmusphinx/cmudict,CMUdict BSD-style permissive licence,"Open pronunciation lexicon used for candidate ARPABET syllable, stress, and schwa metadata. CMUdict is primarily American English, so values require British English review before final use.",low,in_review,Candidate CMUdict-derived pronunciation metadata. Review for British English before merging into canonical_word_metadata.csv.
books_en_gb,books,books,en-GB,TRUE,D4_INF_PLURALS_S,books,matched,1,1,B UH1 K S,primary,FALSE,,,,,open_licensed,CMU Pronouncing Dictionary,https://github.com/cmusphinx/cmudict,CMUdict BSD-style permissive licence,"Open pronunciation lexicon used for candidate ARPABET syllable, stress, and schwa metadata. CMUdict is primarily American English, so values require British English review before final use.",low,in_review,Candidate CMUdict-derived pronunciation metadata. Review for British English before merging into canonical_word_metadata.csv.
boxes_en_gb,boxes,boxes,en-GB,TRUE,D4_INF_PLURALS_ES,boxes,matched,2,2,B AA1 K S AH0 Z / B AA1 K S IH0 Z,primary-unstressed,TRUE,,,,plural es,open_licensed,CMU Pronouncing Dictionary,https://github.com/cmusphinx/cmudict,CMUdict BSD-style permissive licence,"Open pronunciation lexicon used for candidate ARPABET syllable, stress, and schwa metadata. CMUdict is primarily American English, so values require British English review before final use.",low,in_review,Candidate CMUdict-derived pronunciation metadata. Review for British English before merging into canonical_word_metadata.csv.
buses_en_gb,buses,buses,en-GB,TRUE,D4_INF_PLURALS_ES,buses,matched,1,2,B AH1 S IH0 Z,primary-unstressed,FALSE,,,,,open_licensed,CMU Pronouncing Dictionary,https://github.com/cmusphinx/cmudict,CMUdict BSD-style permissive licence,"Open pronunciation lexicon used for candidate ARPABET syllable, stress, and schwa metadata. CMUdict is primarily American English, so values require British English review before final use.",low,in_review,Candidate CMUdict-derived pronunciation metadata. Review for British English before merging into canonical_word_metadata.csv.
calendar_en_gb,calendar,calendar,en-GB,TRUE,D4_SCHWA_FINAL_AR_FINAL,calendar,matched,1,3,K AE1 L AH0 N D ER0,primary-unstressed-unstressed,TRUE,,,,final unstressed ar,open_licensed,CMU Pronouncing Dictionary,https://github.com/cmusphinx/cmudict,CMUdict BSD-style permissive licence,"Open pronunciation lexicon used for candidate ARPABET syllable, stress, and schwa metadata. CMUdict is primarily American English, so values require British English review before final use.",low,in_review,Candidate CMUdict-derived pronunciation metadata. Review for British English before merging into canonical_word_metadata.csv.
came_en_gb,came,came,en-GB,TRUE,D4_INF_IRREGULAR_INFLECTIONS_IRREGULAR_PAST,came,matched,1,1,K EY1 M,primary,FALSE,,,,,open_licensed,CMU Pronouncing Dictionary,https://github.com/cmusphinx/cmudict,CMUdict BSD-style permissive licence,"Open pronunciation lexicon used for candidate ARPABET syllable, stress, and schwa metadata. CMUdict is primarily American English, so values require British English review before final use.",low,in_review,Candidate CMUdict-derived pronunciation metadata. Review for British English before merging into canonical_word_metadata.csv.
carries_en_gb,carries,carries,en-GB,TRUE,D4_INF_PRESENT_TENSE_Y_TO_IES,carries,matched,2,2,K AE1 R IY0 Z / K EH1 R IY0 Z,primary-unstressed,FALSE,,,,,open_licensed,CMU Pronouncing Dictionary,https://github.com/cmusphinx/cmudict,CMUdict BSD-style permissive licence,"Open pronunciation lexicon used for candidate ARPABET syllable, stress, and schwa metadata. CMUdict is primarily American English, so values require British English review before final use.",low,in_review,Candidate CMUdict-derived pronunciation metadata. Review for British English before merging into canonical_word_metadata.csv.
cars_en_gb,cars,cars,en-GB,TRUE,D4_INF_PLURALS_S,cars,matched,2,1,K AA1 R Z / K AA1 Z,primary,FALSE,,,,,open_licensed,CMU Pronouncing Dictionary,https://github.com/cmusphinx/cmudict,CMUdict BSD-style permissive licence,"Open pronunciation lexicon used for candidate ARPABET syllable, stress, and schwa metadata. CMUdict is primarily American English, so values require British English review before final use.",low,in_review,Candidate CMUdict-derived pronunciation metadata. Review for British English before merging into canonical_word_metadata.csv.
cats_en_gb,cats,cats,en-GB,TRUE,D4_INF_PLURALS_S,cats,matched,1,1,K AE1 T S,primary,FALSE,,,,,open_licensed,CMU Pronouncing Dictionary,https://github.com/cmusphinx/cmudict,CMUdict BSD-style permissive licence,"Open pronunciation lexicon used for candidate ARPABET syllable, stress, and schwa metadata. CMUdict is primarily American English, so values require British English review before final use.",low,in_review,Candidate CMUdict-derived pronunciation metadata. Review for British English before merging into canonical_word_metadata.csv.
children_en_gb,children,children,en-GB,TRUE,D4_INF_IRREGULAR_INFLECTIONS_IRREGULAR_PLURALS,children,matched,1,2,CH IH1 L D R AH0 N,primary-unstressed,TRUE,,,,,open_licensed,CMU Pronouncing Dictionary,https://github.com/cmusphinx/cmudict,CMUdict BSD-style permissive licence,"Open pronunciation lexicon used for candidate ARPABET syllable, stress, and schwa metadata. CMUdict is primarily American English, so values require British English review before final use.",low,in_review,Candidate CMUdict-derived pronunciation metadata. Review for British English before merging into canonical_word_metadata.csv.
churches_en_gb,churches,churches,en-GB,TRUE,D4_INF_PLURALS_ES,churches,matched,1,2,CH ER1 CH IH0 Z,primary-unstressed,FALSE,,,,,open_licensed,CMU Pronouncing Dictionary,https://github.com/cmusphinx/cmudict,CMUdict BSD-style permissive licence,"Open pronunciation lexicon used for candidate ARPABET syllable, stress, and schwa metadata. CMUdict is primarily American English, so values require British English review before final use.",low,in_review,Candidate CMUdict-derived pronunciation metadata. Review for British English before merging into canonical_word_metadata.csv.
cities_en_gb,cities,cities,en-GB,TRUE,D4_INF_PLURALS_IES,cities,matched,1,2,S IH1 T IY0 Z,primary-unstressed,FALSE,,,,plural ies,open_licensed,CMU Pronouncing Dictionary,https://github.com/cmusphinx/cmudict,CMUdict BSD-style permissive licence,"Open pronunciation lexicon used for candidate ARPABET syllable, stress, and schwa metadata. CMUdict is primarily American English, so values require British English review before final use.",low,in_review,Candidate CMUdict-derived pronunciation metadata. Review for British English before merging into canonical_word_metadata.csv.
comma_en_gb,comma,comma,en-GB,TRUE,D4_SCHWA_FINAL_A_FINAL,comma,matched,1,2,K AA1 M AH0,primary-unstressed,TRUE,,,,,open_licensed,CMU Pronouncing Dictionary,https://github.com/cmusphinx/cmudict,CMUdict BSD-style permissive licence,"Open pronunciation lexicon used for candidate ARPABET syllable, stress, and schwa metadata. CMUdict is primarily American English, so values require British English review before final use.",low,in_review,Candidate CMUdict-derived pronunciation metadata. Review for British English before merging into canonical_word_metadata.csv.
cries_en_gb,cries,cries,en-GB,TRUE,D4_INF_PRESENT_TENSE_Y_TO_IES,cries,matched,1,1,K R AY1 Z,primary,FALSE,,,,,open_licensed,CMU Pronouncing Dictionary,https://github.com/cmusphinx/cmudict,CMUdict BSD-style permissive licence,"Open pronunciation lexicon used for candidate ARPABET syllable, stress, and schwa metadata. CMUdict is primarily American English, so values require British English review before final use.",low,in_review,Candidate CMUdict-derived pronunciation metadata. Review for British English before merging into canonical_word_metadata.csv.
dangerous_en_gb,dangerous,dangerous,en-GB,TRUE,D4_MOR_SUFFIXES_OUS,dangerous,matched,1,3,D EY1 N JH ER0 AH0 S,primary-unstressed-unstressed,TRUE,,,,suffix ous,open_licensed,CMU Pronouncing Dictionary,https://github.com/cmusphinx/cmudict,CMUdict BSD-style permissive licence,"Open pronunciation lexicon used for candidate ARPABET syllable, stress, and schwa metadata. CMUdict is primarily American English, so values require British English review before final use.",low,in_review,Candidate CMUdict-derived pronunciation metadata. Review for British English before merging into canonical_word_metadata.csv.
darkness_en_gb,darkness,darkness,en-GB,TRUE,D4_MOR_SUFFIXES_NESS,darkness,matched,1,2,D AA1 R K N AH0 S,primary-unstressed,TRUE,,,,,open_licensed,CMU Pronouncing Dictionary,https://github.com/cmusphinx/cmudict,CMUdict BSD-style permissive licence,"Open pronunciation lexicon used for candidate ARPABET syllable, stress, and schwa metadata. CMUdict is primarily American English, so values require British English review before final use.",low,in_review,Candidate CMUdict-derived pronunciation metadata. Review for British English before merging into canonical_word_metadata.csv.
different_en_gb,different,different,en-GB,TRUE,D4_SCHWA_MEDIAL_COMMON_WEAK_VOWELS,different,matched,2,3,D IH1 F ER0 AH0 N T / D IH1 F R AH0 N T,primary-unstressed-unstressed,TRUE,,,,medial weak vowel,open_licensed,CMU Pronouncing Dictionary,https://github.com/cmusphinx/cmudict,CMUdict BSD-style permissive licence,"Open pronunciation lexicon used for candidate ARPABET syllable, stress, and schwa metadata. CMUdict is primarily American English, so values require British English review before final use.",low,in_review,Candidate CMUdict-derived pronunciation metadata. Review for British English before merging into canonical_word_metadata.csv.
disappear_en_gb,disappear,disappear,en-GB,TRUE,D4_MOR_PREFIXES_DIS_MIS,disappear,matched,2,3,D IH2 S AH0 P IH1 R / D IH2 S AH0 P IY1 R,secondary-unstressed-primary,TRUE,,,,prefix dis,open_licensed,CMU Pronouncing Dictionary,https://github.com/cmusphinx/cmudict,CMUdict BSD-style permissive licence,"Open pronunciation lexicon used for candidate ARPABET syllable, stress, and schwa metadata. CMUdict is primarily American English, so values require British English review before final use.",low,in_review,Candidate CMUdict-derived pronunciation metadata. Review for British English before merging into canonical_word_metadata.csv.
dislike_en_gb,dislike,dislike,en-GB,TRUE,D4_MOR_BASE_WORDS_BASE_PLUS_PREFIX|D4_MOR_PREFIXES_DIS_MIS,dislike,matched,1,2,D IH0 S L AY1 K,unstressed-primary,FALSE,,,,,open_licensed,CMU Pronouncing Dictionary,https://github.com/cmusphinx/cmudict,CMUdict BSD-style permissive licence,"Open pronunciation lexicon used for candidate ARPABET syllable, stress, and schwa metadata. CMUdict is primarily American English, so values require British English review before final use.",low,in_review,Candidate CMUdict-derived pronunciation metadata. Review for British English before merging into canonical_word_metadata.csv.
doctor_en_gb,doctor,doctor,en-GB,TRUE,D4_SCHWA_FINAL_OR_FINAL,doctor,matched,2,2,D AA1 K T ER0 / D AO1 K T ER0,primary-unstressed,TRUE,,,,final unstressed or,open_licensed,CMU Pronouncing Dictionary,https://github.com/cmusphinx/cmudict,CMUdict BSD-style permissive licence,"Open pronunciation lexicon used for candidate ARPABET syllable, stress, and schwa metadata. CMUdict is primarily American English, so values require British English review before final use.",low,in_review,Candidate CMUdict-derived pronunciation metadata. Review for British English before merging into canonical_word_metadata.csv.
does_en_gb,does,does,en-GB,TRUE,D4_INF_IRREGULAR_INFLECTIONS_IRREGULAR_PRESENT|D4_INF_PRESENT_TENSE_ES,does,matched,2,1,D AH1 Z / D IH0 Z,primary,FALSE,,,,irregular function word,open_licensed,CMU Pronouncing Dictionary,https://github.com/cmusphinx/cmudict,CMUdict BSD-style permissive licence,"Open pronunciation lexicon used for candidate ARPABET syllable, stress, and schwa metadata. CMUdict is primarily American English, so values require British English review before final use.",low,in_review,Candidate CMUdict-derived pronunciation metadata. Review for British English before merging into canonical_word_metadata.csv.
dogs_en_gb,dogs,dogs,en-GB,TRUE,D4_INF_PLURALS_S,dogs,matched,2,1,D AA1 G Z / D AO1 G Z,primary,FALSE,,,,,open_licensed,CMU Pronouncing Dictionary,https://github.com/cmusphinx/cmudict,CMUdict BSD-style permissive licence,"Open pronunciation lexicon used for candidate ARPABET syllable, stress, and schwa metadata. CMUdict is primarily American English, so values require British English review before final use.",low,in_review,Candidate CMUdict-derived pronunciation metadata. Review for British English before merging into canonical_word_metadata.csv.
dollar_en_gb,dollar,dollar,en-GB,TRUE,D4_SCHWA_FINAL_AR_FINAL,dollar,matched,2,2,D AA1 L ER0 / D AO1 L ER0,primary-unstressed,TRUE,,,,,open_licensed,CMU Pronouncing Dictionary,https://github.com/cmusphinx/cmudict,CMUdict BSD-style permissive licence,"Open pronunciation lexicon used for candidate ARPABET syllable, stress, and schwa metadata. CMUdict is primarily American English, so values require British English review before final use.",low,in_review,Candidate CMUdict-derived pronunciation metadata. Review for British English before merging into canonical_word_metadata.csv.
eleven_en_gb,eleven,eleven,en-GB,TRUE,D4_SCHWA_INITIAL_E_INITIAL,eleven,matched,2,3,IH0 L EH1 V AH0 N / IY1 L EH0 V AH0 N,unstressed-primary-unstressed,TRUE,,,,,open_licensed,CMU Pronouncing Dictionary,https://github.com/cmusphinx/cmudict,CMUdict BSD-style permissive licence,"Open pronunciation lexicon used for candidate ARPABET syllable, stress, and schwa metadata. CMUdict is primarily American English, so values require British English review before final use.",low,in_review,Candidate CMUdict-derived pronunciation metadata. Review for British English before merging into canonical_word_metadata.csv.
ended_en_gb,ended,ended,en-GB,TRUE,D4_INF_PAST_TENSE_ED_ID_SOUND,ended,matched,2,2,EH1 N D AH0 D / EH1 N D IH0 D,primary-unstressed,TRUE,,,,,open_licensed,CMU Pronouncing Dictionary,https://github.com/cmusphinx/cmudict,CMUdict BSD-style permissive licence,"Open pronunciation lexicon used for candidate ARPABET syllable, stress, and schwa metadata. CMUdict is primarily American English, so values require British English review before final use.",low,in_review,Candidate CMUdict-derived pronunciation metadata. Review for British English before merging into canonical_word_metadata.csv.
enjoyable_en_gb,enjoyable,enjoyable,en-GB,TRUE,D4_MOR_SUFFIXES_ABLE_IBLE,enjoyable,matched,1,4,EH2 N JH OY1 AH0 B AH0 L,secondary-primary-unstressed-unstressed,TRUE,,,,suffix able/ible,open_licensed,CMU Pronouncing Dictionary,https://github.com/cmusphinx/cmudict,CMUdict BSD-style permissive licence,"Open pronunciation lexicon used for candidate ARPABET syllable, stress, and schwa metadata. CMUdict is primarily American English, so values require British English review before final use.",low,in_review,Candidate CMUdict-derived pronunciation metadata. Review for British English before merging into canonical_word_metadata.csv.
enjoyment_en_gb,enjoyment,enjoyment,en-GB,TRUE,D4_MOR_SUFFIXES_MENT,enjoyment,matched,2,3,EH2 N JH OY1 M AH0 N T / IH0 N JH OY1 M AH0 N T,secondary-primary-unstressed,TRUE,,,,,open_licensed,CMU Pronouncing Dictionary,https://github.com/cmusphinx/cmudict,CMUdict BSD-style permissive licence,"Open pronunciation lexicon used for candidate ARPABET syllable, stress, and schwa metadata. CMUdict is primarily American English, so values require British English review before final use.",low,in_review,Candidate CMUdict-derived pronunciation metadata. Review for British English before merging into canonical_word_metadata.csv.
enough_en_gb,enough,enough,en-GB,TRUE,D4_SCHWA_INITIAL_E_INITIAL,enough,matched,2,2,IH0 N AH1 F / IY0 N AH1 F,unstressed-primary,FALSE,,,,,open_licensed,CMU Pronouncing Dictionary,https://github.com/cmusphinx/cmudict,CMUdict BSD-style permissive licence,"Open pronunciation lexicon used for candidate ARPABET syllable, stress, and schwa metadata. CMUdict is primarily American English, so values require British English review before final use.",low,in_review,Candidate CMUdict-derived pronunciation metadata. Review for British English before merging into canonical_word_metadata.csv.
erase_en_gb,erase,erase,en-GB,TRUE,D4_SCHWA_INITIAL_E_INITIAL,erase,matched,2,2,IH0 R EY1 S / IY0 R EY1 S,unstressed-primary,FALSE,,,,,open_licensed,CMU Pronouncing Dictionary,https://github.com/cmusphinx/cmudict,CMUdict BSD-style permissive licence,"Open pronunciation lexicon used for candidate ARPABET syllable, stress, and schwa metadata. CMUdict is primarily American English, so values require British English review before final use.",low,in_review,Candidate CMUdict-derived pronunciation metadata. Review for British English before merging into canonical_word_metadata.csv.
escape_en_gb,escape,escape,en-GB,TRUE,D4_SCHWA_INITIAL_E_INITIAL,escape,matched,1,2,IH0 S K EY1 P,unstressed-primary,FALSE,,,,,open_licensed,CMU Pronouncing Dictionary,https://github.com/cmusphinx/cmudict,CMUdict BSD-style permissive licence,"Open pronunciation lexicon used for candidate ARPABET syllable, stress, and schwa metadata. CMUdict is primarily American English, so values require British English review before final use.",low,in_review,Candidate CMUdict-derived pronunciation metadata. Review for British English before merging into canonical_word_metadata.csv.
every_en_gb,every,every,en-GB,TRUE,D4_SCHWA_MEDIAL_COMMON_WEAK_VOWELS,every,matched,2,3,EH1 V ER0 IY0 / EH1 V R IY0,primary-unstressed-unstressed,TRUE,,,,medial weak vowel,open_licensed,CMU Pronouncing Dictionary,https://github.com/cmusphinx/cmudict,CMUdict BSD-style permissive licence,"Open pronunciation lexicon used for candidate ARPABET syllable, stress, and schwa metadata. CMUdict is primarily American English, so values require British English review before final use.",low,in_review,Candidate CMUdict-derived pronunciation metadata. Review for British English before merging into canonical_word_metadata.csv.
factual_en_gb,factual,factual,en-GB,TRUE,D4_SCHWA_MEDIAL_NATURAL_ACTUAL,factual,matched,1,3,F AE1 K CH UW0 AH0 L,primary-unstressed-unstressed,TRUE,,,,natural/actual weak vowel,open_licensed,CMU Pronouncing Dictionary,https://github.com/cmusphinx/cmudict,CMUdict BSD-style permissive licence,"Open pronunciation lexicon used for candidate ARPABET syllable, stress, and schwa metadata. CMUdict is primarily American English, so values require British English review before final use.",low,in_review,Candidate CMUdict-derived pronunciation metadata. Review for British English before merging into canonical_word_metadata.csv.
family_en_gb,family,family,en-GB,TRUE,D4_SCHWA_MEDIAL_COMMON_WEAK_VOWELS,family,matched,2,3,F AE1 M AH0 L IY0 / F AE1 M L IY0,primary-unstressed-unstressed,TRUE,,,,medial weak vowel,open_licensed,CMU Pronouncing Dictionary,https://github.com/cmusphinx/cmudict,CMUdict BSD-style permissive licence,"Open pronunciation lexicon used for candidate ARPABET syllable, stress, and schwa metadata. CMUdict is primarily American English, so values require British English review before final use.",low,in_review,Candidate CMUdict-derived pronunciation metadata. Review for British English before merging into canonical_word_metadata.csv.
famous_en_gb,famous,famous,en-GB,TRUE,D4_MOR_SUFFIXES_OUS,famous,matched,1,2,F EY1 M AH0 S,primary-unstressed,TRUE,,,,suffix ous,open_licensed,CMU Pronouncing Dictionary,https://github.com/cmusphinx/cmudict,CMUdict BSD-style permissive licence,"Open pronunciation lexicon used for candidate ARPABET syllable, stress, and schwa metadata. CMUdict is primarily American English, so values require British English review before final use.",low,in_review,Candidate CMUdict-derived pronunciation metadata. Review for British English before merging into canonical_word_metadata.csv.
feet_en_gb,feet,feet,en-GB,TRUE,D4_INF_IRREGULAR_INFLECTIONS_IRREGULAR_PLURALS,feet,matched,1,1,F IY1 T,primary,FALSE,,,,,open_licensed,CMU Pronouncing Dictionary,https://github.com/cmusphinx/cmudict,CMUdict BSD-style permissive licence,"Open pronunciation lexicon used for candidate ARPABET syllable, stress, and schwa metadata. CMUdict is primarily American English, so values require British English review before final use.",low,in_review,Candidate CMUdict-derived pronunciation metadata. Review for British English before merging into canonical_word_metadata.csv.
fixes_en_gb,fixes,fixes,en-GB,TRUE,D4_INF_PRESENT_TENSE_ES,fixes,matched,1,2,F IH1 K S IH0 Z,primary-unstressed,FALSE,,,,present tense es,open_licensed,CMU Pronouncing Dictionary,https://github.com/cmusphinx/cmudict,CMUdict BSD-style permissive licence,"Open pronunciation lexicon used for candidate ARPABET syllable, stress, and schwa metadata. CMUdict is primarily American English, so values require British English review before final use.",low,in_review,Candidate CMUdict-derived pronunciation metadata. Review for British English before merging into canonical_word_metadata.csv.
football_en_gb,football,football,en-GB,TRUE,D4_MOR_COMPOUND_WORDS_CLOSED_COMPOUNDS,football,matched,1,2,F UH1 T B AO2 L,primary-secondary,FALSE,,,,,open_licensed,CMU Pronouncing Dictionary,https://github.com/cmusphinx/cmudict,CMUdict BSD-style permissive licence,"Open pronunciation lexicon used for candidate ARPABET syllable, stress, and schwa metadata. CMUdict is primarily American English, so values require British English review before final use.",low,in_review,Candidate CMUdict-derived pronunciation metadata. Review for British English before merging into canonical_word_metadata.csv.
geography_en_gb,geography,geography,en-GB,TRUE,D4_MOR_ROOTS_SCIENCE_MATH_ROOTS,geography,matched,1,4,JH IY0 AA1 G R AH0 F IY0,unstressed-primary-unstressed-unstressed,TRUE,,,,,open_licensed,CMU Pronouncing Dictionary,https://github.com/cmusphinx/cmudict,CMUdict BSD-style permissive licence,"Open pronunciation lexicon used for candidate ARPABET syllable, stress, and schwa metadata. CMUdict is primarily American English, so values require British English review before final use.",low,in_review,Candidate CMUdict-derived pronunciation metadata. Review for British English before merging into canonical_word_metadata.csv.
goes_en_gb,goes,goes,en-GB,TRUE,D4_INF_PRESENT_TENSE_ES,goes,matched,1,1,G OW1 Z,primary,FALSE,,,,,open_licensed,CMU Pronouncing Dictionary,https://github.com/cmusphinx/cmudict,CMUdict BSD-style permissive licence,"Open pronunciation lexicon used for candidate ARPABET syllable, stress, and schwa metadata. CMUdict is primarily American English, so values require British English review before final use.",low,in_review,Candidate CMUdict-derived pronunciation metadata. Review for British English before merging into canonical_word_metadata.csv.
government_en_gb,government,government,en-GB,TRUE,D4_MOR_SUFFIXES_MENT,government,matched,2,3,G AH1 V ER0 M AH0 N T / G AH1 V ER0 N M AH0 N T,primary-unstressed-unstressed,TRUE,,,,,open_licensed,CMU Pronouncing Dictionary,https://github.com/cmusphinx/cmudict,CMUdict BSD-style permissive licence,"Open pronunciation lexicon used for candidate ARPABET syllable, stress, and schwa metadata. CMUdict is primarily American English, so values require British English review before final use.",low,in_review,Candidate CMUdict-derived pronunciation metadata. Review for British English before merging into canonical_word_metadata.csv.
grammar_en_gb,grammar,grammar,en-GB,TRUE,D4_SCHWA_FINAL_AR_FINAL,grammar,matched,1,2,G R AE1 M ER0,primary-unstressed,TRUE,,,,final unstressed ar,open_licensed,CMU Pronouncing Dictionary,https://github.com/cmusphinx/cmudict,CMUdict BSD-style permissive licence,"Open pronunciation lexicon used for candidate ARPABET syllable, stress, and schwa metadata. CMUdict is primarily American English, so values require British English review before final use.",low,in_review,Candidate CMUdict-derived pronunciation metadata. Review for British English before merging into canonical_word_metadata.csv.
happiness_en_gb,happiness,happiness,en-GB,TRUE,D4_MOR_SUFFIXES_NESS,happiness,matched,1,3,HH AE1 P IY0 N AH0 S,primary-unstressed-unstressed,TRUE,,,,suffix ness,open_licensed,CMU Pronouncing Dictionary,https://github.com/cmusphinx/cmudict,CMUdict BSD-style permissive licence,"Open pronunciation lexicon used for candidate ARPABET syllable, stress, and schwa metadata. CMUdict is primarily American English, so values require British English review before final use.",low,in_review,Candidate CMUdict-derived pronunciation metadata. Review for British English before merging into canonical_word_metadata.csv.
has_en_gb,has,has,en-GB,TRUE,D4_INF_IRREGULAR_INFLECTIONS_IRREGULAR_PRESENT,has,matched,2,1,HH AE1 Z / HH AH0 Z,primary,FALSE,,,,,open_licensed,CMU Pronouncing Dictionary,https://github.com/cmusphinx/cmudict,CMUdict BSD-style permissive licence,"Open pronunciation lexicon used for candidate ARPABET syllable, stress, and schwa metadata. CMUdict is primarily American English, so values require British English review before final use.",low,in_review,Candidate CMUdict-derived pronunciation metadata. Review for British English before merging into canonical_word_metadata.csv.
helpful_en_gb,helpful,helpful,en-GB,TRUE,D4_MOR_BASE_WORDS_BASE_PLUS_SUFFIX,helpful,matched,1,2,HH EH1 L P F AH0 L,primary-unstressed,TRUE,,,,preserve base before suffix,open_licensed,CMU Pronouncing Dictionary,https://github.com/cmusphinx/cmudict,CMUdict BSD-style permissive licence,"Open pronunciation lexicon used for candidate ARPABET syllable, stress, and schwa metadata. CMUdict is primarily American English, so values require British English review before final use.",low,in_review,Candidate CMUdict-derived pronunciation metadata. Review for British English before merging into canonical_word_metadata.csv.
ice_cream_en_gb,ice cream,ice cream,en-GB,TRUE,D4_MOR_COMPOUND_WORDS_SEPARATED_HYPHENATED,ice-cream,matched,1,2,AY1 S K R IY2 M,primary-secondary,FALSE,,,,,open_licensed,CMU Pronouncing Dictionary,https://github.com/cmusphinx/cmudict,CMUdict BSD-style permissive licence,"Open pronunciation lexicon used for candidate ARPABET syllable, stress, and schwa metadata. CMUdict is primarily American English, so values require British English review before final use.",low,in_review,Candidate CMUdict-derived pronunciation metadata. Review for British English before merging into canonical_word_metadata.csv.
illegal_en_gb,illegal,illegal,en-GB,TRUE,D4_MOR_PREFIXES_IN_IM_IL_IR,illegal,matched,1,3,IH2 L IY1 G AH0 L,secondary-primary-unstressed,TRUE,,,,negative prefix il,open_licensed,CMU Pronouncing Dictionary,https://github.com/cmusphinx/cmudict,CMUdict BSD-style permissive licence,"Open pronunciation lexicon used for candidate ARPABET syllable, stress, and schwa metadata. CMUdict is primarily American English, so values require British English review before final use.",low,in_review,Candidate CMUdict-derived pronunciation metadata. Review for British English before merging into canonical_word_metadata.csv.
impossible_en_gb,impossible,impossible,en-GB,TRUE,D4_MOR_PREFIXES_IN_IM_IL_IR,impossible,matched,1,4,IH2 M P AA1 S AH0 B AH0 L,secondary-primary-unstressed-unstressed,TRUE,,,,negative prefix im,open_licensed,CMU Pronouncing Dictionary,https://github.com/cmusphinx/cmudict,CMUdict BSD-style permissive licence,"Open pronunciation lexicon used for candidate ARPABET syllable, stress, and schwa metadata. CMUdict is primarily American English, so values require British English review before final use.",low,in_review,Candidate CMUdict-derived pronunciation metadata. Review for British English before merging into canonical_word_metadata.csv.
incorrect_en_gb,incorrect,incorrect,en-GB,TRUE,D4_MOR_PREFIXES_IN_IM_IL_IR,incorrect,matched,1,3,IH2 N K ER0 EH1 K T,secondary-unstressed-primary,TRUE,,,,,open_licensed,CMU Pronouncing Dictionary,https://github.com/cmusphinx/cmudict,CMUdict BSD-style permissive licence,"Open pronunciation lexicon used for candidate ARPABET syllable, stress, and schwa metadata. CMUdict is primarily American English, so values require British English review before final use.",low,in_review,Candidate CMUdict-derived pronunciation metadata. Review for British English before merging into canonical_word_metadata.csv.
interact_en_gb,interact,interact,en-GB,TRUE,D4_MOR_PREFIXES_SUB_INTER_SUPER,interact,matched,2,3,IH2 N T ER0 AE1 K T / IH2 N ER0 AE1 K T,secondary-unstressed-primary,TRUE,,,,,open_licensed,CMU Pronouncing Dictionary,https://github.com/cmusphinx/cmudict,CMUdict BSD-style permissive licence,"Open pronunciation lexicon used for candidate ARPABET syllable, stress, and schwa metadata. CMUdict is primarily American English, so values require British English review before final use.",low,in_review,Candidate CMUdict-derived pronunciation metadata. Review for British English before merging into canonical_word_metadata.csv.
irregular_en_gb,irregular,irregular,en-GB,TRUE,D4_MOR_PREFIXES_IN_IM_IL_IR,irregular,matched,1,4,IH2 R EH1 G Y AH0 L ER0,secondary-primary-unstressed-unstressed,TRUE,,,,,open_licensed,CMU Pronouncing Dictionary,https://github.com/cmusphinx/cmudict,CMUdict BSD-style permissive licence,"Open pronunciation lexicon used for candidate ARPABET syllable, stress, and schwa metadata. CMUdict is primarily American English, so values require British English review before final use.",low,in_review,Candidate CMUdict-derived pronunciation metadata. Review for British English before merging into canonical_word_metadata.csv.
is_en_gb,is,is,en-GB,TRUE,D4_INF_IRREGULAR_INFLECTIONS_IRREGULAR_PRESENT,is,matched,2,1,IH1 Z / IH0 Z,primary,FALSE,,,,,open_licensed,CMU Pronouncing Dictionary,https://github.com/cmusphinx/cmudict,CMUdict BSD-style permissive licence,"Open pronunciation lexicon used for candidate ARPABET syllable, stress, and schwa metadata. CMUdict is primarily American English, so values require British English review before final use.",low,in_review,Candidate CMUdict-derived pronunciation metadata. Review for British English before merging into canonical_word_metadata.csv.
jumped_en_gb,jumped,jumped,en-GB,TRUE,D4_INF_PAST_TENSE_ED_T_SOUND,jumped,matched,1,1,JH AH1 M P T,primary,FALSE,,,,,open_licensed,CMU Pronouncing Dictionary,https://github.com/cmusphinx/cmudict,CMUdict BSD-style permissive licence,"Open pronunciation lexicon used for candidate ARPABET syllable, stress, and schwa metadata. CMUdict is primarily American English, so values require British English review before final use.",low,in_review,Candidate CMUdict-derived pronunciation metadata. Review for British English before merging into canonical_word_metadata.csv.
jumping_en_gb,jumping,jumping,en-GB,TRUE,D4_INF_ING_ENDINGS_REGULAR,jumping,matched,1,2,JH AH1 M P IH0 NG,primary-unstressed,FALSE,,,,,open_licensed,CMU Pronouncing Dictionary,https://github.com/cmusphinx/cmudict,CMUdict BSD-style permissive licence,"Open pronunciation lexicon used for candidate ARPABET syllable, stress, and schwa metadata. CMUdict is primarily American English, so values require British English review before final use.",low,in_review,Candidate CMUdict-derived pronunciation metadata. Review for British English before merging into canonical_word_metadata.csv.
jumps_en_gb,jumps,jumps,en-GB,TRUE,D4_INF_PRESENT_TENSE_S,jumps,matched,1,1,JH AH1 M P S,primary,FALSE,,,,,open_licensed,CMU Pronouncing Dictionary,https://github.com/cmusphinx/cmudict,CMUdict BSD-style permissive licence,"Open pronunciation lexicon used for candidate ARPABET syllable, stress, and schwa metadata. CMUdict is primarily American English, so values require British English review before final use.",low,in_review,Candidate CMUdict-derived pronunciation metadata. Review for British English before merging into canonical_word_metadata.csv.
kicked_en_gb,kicked,kicked,en-GB,TRUE,D4_INF_PAST_TENSE_ED_T_SOUND,kicked,matched,1,1,K IH1 K T,primary,FALSE,,,,,open_licensed,CMU Pronouncing Dictionary,https://github.com/cmusphinx/cmudict,CMUdict BSD-style permissive licence,"Open pronunciation lexicon used for candidate ARPABET syllable, stress, and schwa metadata. CMUdict is primarily American English, so values require British English review before final use.",low,in_review,Candidate CMUdict-derived pronunciation metadata. Review for British English before merging into canonical_word_metadata.csv.
kindness_en_gb,kindness,kindness,en-GB,TRUE,D4_MOR_BASE_WORDS_BASE_PLUS_SUFFIX|D4_MOR_SUFFIXES_NESS,kindness,matched,1,2,K AY1 N D N AH0 S,primary-unstressed,TRUE,,,,,open_licensed,CMU Pronouncing Dictionary,https://github.com/cmusphinx/cmudict,CMUdict BSD-style permissive licence,"Open pronunciation lexicon used for candidate ARPABET syllable, stress, and schwa metadata. CMUdict is primarily American English, so values require British English review before final use.",low,in_review,Candidate CMUdict-derived pronunciation metadata. Review for British English before merging into canonical_word_metadata.csv.
knives_en_gb,knives,knives,en-GB,TRUE,D4_INF_PLURALS_VES,knives,matched,1,1,N AY1 V Z,primary,FALSE,,,,plural ves,open_licensed,CMU Pronouncing Dictionary,https://github.com/cmusphinx/cmudict,CMUdict BSD-style permissive licence,"Open pronunciation lexicon used for candidate ARPABET syllable, stress, and schwa metadata. CMUdict is primarily American English, so values require British English review before final use.",low,in_review,Candidate CMUdict-derived pronunciation metadata. Review for British English before merging into canonical_word_metadata.csv.
large_larger_largest_en_gb,large,large,en-GB,TRUE,D4_INF_COMPARATIVE_SUPERLATIVE_DROP_E,large,matched,1,1,L AA1 R JH,primary,FALSE,,,,,open_licensed,CMU Pronouncing Dictionary,https://github.com/cmusphinx/cmudict,CMUdict BSD-style permissive licence,"Open pronunciation lexicon used for candidate ARPABET syllable, stress, and schwa metadata. CMUdict is primarily American English, so values require British English review before final use.",low,in_review,Candidate CMUdict-derived pronunciation metadata. Review for British English before merging into canonical_word_metadata.csv.
laughed_en_gb,laughed,laughed,en-GB,TRUE,D4_INF_PAST_TENSE_ED_T_SOUND,laughed,matched,1,1,L AE1 F T,primary,FALSE,,,,,open_licensed,CMU Pronouncing Dictionary,https://github.com/cmusphinx/cmudict,CMUdict BSD-style permissive licence,"Open pronunciation lexicon used for candidate ARPABET syllable, stress, and schwa metadata. CMUdict is primarily American English, so values require British English review before final use.",low,in_review,Candidate CMUdict-derived pronunciation metadata. Review for British English before merging into canonical_word_metadata.csv.
leaves_en_gb,leaves,leaves,en-GB,TRUE,D4_INF_PLURALS_VES,leaves,matched,1,1,L IY1 V Z,primary,FALSE,,,,,open_licensed,CMU Pronouncing Dictionary,https://github.com/cmusphinx/cmudict,CMUdict BSD-style permissive licence,"Open pronunciation lexicon used for candidate ARPABET syllable, stress, and schwa metadata. CMUdict is primarily American English, so values require British English review before final use.",low,in_review,Candidate CMUdict-derived pronunciation metadata. Review for British English before merging into canonical_word_metadata.csv.
looking_en_gb,looking,looking,en-GB,TRUE,D4_INF_ING_ENDINGS_REGULAR,looking,matched,1,2,L UH1 K IH0 NG,primary-unstressed,FALSE,,,,,open_licensed,CMU Pronouncing Dictionary,https://github.com/cmusphinx/cmudict,CMUdict BSD-style permissive licence,"Open pronunciation lexicon used for candidate ARPABET syllable, stress, and schwa metadata. CMUdict is primarily American English, so values require British English review before final use.",low,in_review,Candidate CMUdict-derived pronunciation metadata. Review for British English before merging into canonical_word_metadata.csv.
made_en_gb,made,made,en-GB,TRUE,D4_INF_IRREGULAR_INFLECTIONS_IRREGULAR_PAST,made,matched,1,1,M EY1 D,primary,FALSE,,,,,open_licensed,CMU Pronouncing Dictionary,https://github.com/cmusphinx/cmudict,CMUdict BSD-style permissive licence,"Open pronunciation lexicon used for candidate ARPABET syllable, stress, and schwa metadata. CMUdict is primarily American English, so values require British English review before final use.",low,in_review,Candidate CMUdict-derived pronunciation metadata. Review for British English before merging into canonical_word_metadata.csv.
mice_en_gb,mice,mice,en-GB,TRUE,D4_INF_IRREGULAR_INFLECTIONS_IRREGULAR_PLURALS,mice,matched,1,1,M AY1 S,primary,FALSE,,,,,open_licensed,CMU Pronouncing Dictionary,https://github.com/cmusphinx/cmudict,CMUdict BSD-style permissive licence,"Open pronunciation lexicon used for candidate ARPABET syllable, stress, and schwa metadata. CMUdict is primarily American English, so values require British English review before final use.",low,in_review,Candidate CMUdict-derived pronunciation metadata. Review for British English before merging into canonical_word_metadata.csv.
misread_en_gb,misread,misread,en-GB,TRUE,D4_MOR_BASE_WORDS_BASE_PLUS_PREFIX|D4_MOR_PREFIXES_DIS_MIS,misread,matched,2,2,M IH0 S R IY1 D / M IH0 S R EH1 D,unstressed-primary,FALSE,,,,prefix mis,open_licensed,CMU Pronouncing Dictionary,https://github.com/cmusphinx/cmudict,CMUdict BSD-style permissive licence,"Open pronunciation lexicon used for candidate ARPABET syllable, stress, and schwa metadata. CMUdict is primarily American English, so values require British English review before final use.",low,in_review,Candidate CMUdict-derived pronunciation metadata. Review for British English before merging into canonical_word_metadata.csv.
mistake_en_gb,mistake,mistake,en-GB,TRUE,D4_MOR_PREFIXES_DIS_MIS,mistake,matched,1,2,M IH0 S T EY1 K,unstressed-primary,FALSE,,,,,open_licensed,CMU Pronouncing Dictionary,https://github.com/cmusphinx/cmudict,CMUdict BSD-style permissive licence,"Open pronunciation lexicon used for candidate ARPABET syllable, stress, and schwa metadata. CMUdict is primarily American English, so values require British English review before final use.",low,in_review,Candidate CMUdict-derived pronunciation metadata. Review for British English before merging into canonical_word_metadata.csv.
mother_en_gb,mother,mother,en-GB,TRUE,D4_SCHWA_FINAL_ER_FINAL,mother,matched,1,2,M AH1 DH ER0,primary-unstressed,TRUE,,,,,open_licensed,CMU Pronouncing Dictionary,https://github.com/cmusphinx/cmudict,CMUdict BSD-style permissive licence,"Open pronunciation lexicon used for candidate ARPABET syllable, stress, and schwa metadata. CMUdict is primarily American English, so values require British English review before final use.",low,in_review,Candidate CMUdict-derived pronunciation metadata. Review for British English before merging into canonical_word_metadata.csv.
natural_en_gb,natural,natural,en-GB,TRUE,D4_SCHWA_MEDIAL_NATURAL_ACTUAL,natural,matched,2,3,N AE1 CH ER0 AH0 L / N AE1 CH R AH0 L,primary-unstressed-unstressed,TRUE,,nature + al,Word family nature/natural; spelling and sound change across the related forms.,natural/actual weak vowel,open_licensed,CMU Pronouncing Dictionary,https://github.com/cmusphinx/cmudict,CMUdict BSD-style permissive licence,"Open pronunciation lexicon used for candidate ARPABET syllable, stress, and schwa metadata. CMUdict is primarily American English, so values require British English review before final use.",low,in_review,Candidate CMUdict-derived pronunciation metadata. Review for British English before merging into canonical_word_metadata.csv.
nature_natural_en_gb,nature/natural,nature/natural,en-GB,TRUE,D4_MOR_WORD_FAMILIES_RELATED_WORD_SUPPORT,nature,matched,1,2,N EY1 CH ER0,primary-unstressed,TRUE,,,,,open_licensed,CMU Pronouncing Dictionary,https://github.com/cmusphinx/cmudict,CMUdict BSD-style permissive licence,"Open pronunciation lexicon used for candidate ARPABET syllable, stress, and schwa metadata. CMUdict is primarily American English, so values require British English review before final use.",low,in_review,Candidate CMUdict-derived pronunciation metadata. Review for British English before merging into canonical_word_metadata.csv.
needed_en_gb,needed,needed,en-GB,TRUE,D4_INF_PAST_TENSE_ED_ID_SOUND,needed,matched,2,2,N IY1 D AH0 D / N IY1 D IH0 D,primary-unstressed,TRUE,,,,,open_licensed,CMU Pronouncing Dictionary,https://github.com/cmusphinx/cmudict,CMUdict BSD-style permissive licence,"Open pronunciation lexicon used for candidate ARPABET syllable, stress, and schwa metadata. CMUdict is primarily American English, so values require British English review before final use.",low,in_review,Candidate CMUdict-derived pronunciation metadata. Review for British English before merging into canonical_word_metadata.csv.
nervous_en_gb,nervous,nervous,en-GB,TRUE,D4_MOR_SUFFIXES_OUS,nervous,matched,1,2,N ER1 V AH0 S,primary-unstressed,TRUE,,,,,open_licensed,CMU Pronouncing Dictionary,https://github.com/cmusphinx/cmudict,CMUdict BSD-style permissive licence,"Open pronunciation lexicon used for candidate ARPABET syllable, stress, and schwa metadata. CMUdict is primarily American English, so values require British English review before final use.",low,in_review,Candidate CMUdict-derived pronunciation metadata. Review for British English before merging into canonical_word_metadata.csv.
object_en_gb,object,object,en-GB,TRUE,D4_SCHWA_INITIAL_O_INITIAL,object,matched,2,2,AA1 B JH EH0 K T / AH0 B JH EH1 K T,primary-unstressed,FALSE,,,,,open_licensed,CMU Pronouncing Dictionary,https://github.com/cmusphinx/cmudict,CMUdict BSD-style permissive licence,"Open pronunciation lexicon used for candidate ARPABET syllable, stress, and schwa metadata. CMUdict is primarily American English, so values require British English review before final use.",low,in_review,Candidate CMUdict-derived pronunciation metadata. Review for British English before merging into canonical_word_metadata.csv.
occur_en_gb,occur,occur,en-GB,TRUE,D4_SCHWA_INITIAL_O_INITIAL,occur,matched,1,2,AH0 K ER1,unstressed-primary,TRUE,,,,,open_licensed,CMU Pronouncing Dictionary,https://github.com/cmusphinx/cmudict,CMUdict BSD-style permissive licence,"Open pronunciation lexicon used for candidate ARPABET syllable, stress, and schwa metadata. CMUdict is primarily American English, so values require British English review before final use.",low,in_review,Candidate CMUdict-derived pronunciation metadata. Review for British English before merging into canonical_word_metadata.csv.
opinion_en_gb,opinion,opinion,en-GB,TRUE,D4_SCHWA_INITIAL_O_INITIAL,opinion,matched,1,3,AH0 P IH1 N Y AH0 N,unstressed-primary-unstressed,TRUE,,,,,open_licensed,CMU Pronouncing Dictionary,https://github.com/cmusphinx/cmudict,CMUdict BSD-style permissive licence,"Open pronunciation lexicon used for candidate ARPABET syllable, stress, and schwa metadata. CMUdict is primarily American English, so values require British English review before final use.",low,in_review,Candidate CMUdict-derived pronunciation metadata. Review for British English before merging into canonical_word_metadata.csv.
oppose_en_gb,oppose,oppose,en-GB,TRUE,D4_SCHWA_INITIAL_O_INITIAL,oppose,matched,1,2,AH0 P OW1 Z,unstressed-primary,TRUE,,,,,open_licensed,CMU Pronouncing Dictionary,https://github.com/cmusphinx/cmudict,CMUdict BSD-style permissive licence,"Open pronunciation lexicon used for candidate ARPABET syllable, stress, and schwa metadata. CMUdict is primarily American English, so values require British English review before final use.",low,in_review,Candidate CMUdict-derived pronunciation metadata. Review for British English before merging into canonical_word_metadata.csv.
parties_en_gb,parties,parties,en-GB,TRUE,D4_INF_PLURALS_IES,parties,matched,1,2,P AA1 R T IY0 Z,primary-unstressed,FALSE,,,,,open_licensed,CMU Pronouncing Dictionary,https://github.com/cmusphinx/cmudict,CMUdict BSD-style permissive licence,"Open pronunciation lexicon used for candidate ARPABET syllable, stress, and schwa metadata. CMUdict is primarily American English, so values require British English review before final use.",low,in_review,Candidate CMUdict-derived pronunciation metadata. Review for British English before merging into canonical_word_metadata.csv.
payment_en_gb,payment,payment,en-GB,TRUE,D4_MOR_SUFFIXES_MENT,payment,matched,1,2,P EY1 M AH0 N T,primary-unstressed,TRUE,,,,,open_licensed,CMU Pronouncing Dictionary,https://github.com/cmusphinx/cmudict,CMUdict BSD-style permissive licence,"Open pronunciation lexicon used for candidate ARPABET syllable, stress, and schwa metadata. CMUdict is primarily American English, so values require British English review before final use.",low,in_review,Candidate CMUdict-derived pronunciation metadata. Review for British English before merging into canonical_word_metadata.csv.
pizza_en_gb,pizza,pizza,en-GB,TRUE,D4_SCHWA_FINAL_A_FINAL,pizza,matched,1,2,P IY1 T S AH0,primary-unstressed,TRUE,,,,,open_licensed,CMU Pronouncing Dictionary,https://github.com/cmusphinx/cmudict,CMUdict BSD-style permissive licence,"Open pronunciation lexicon used for candidate ARPABET syllable, stress, and schwa metadata. CMUdict is primarily American English, so values require British English review before final use.",low,in_review,Candidate CMUdict-derived pronunciation metadata. Review for British English before merging into canonical_word_metadata.csv.
playground_en_gb,playground,playground,en-GB,TRUE,D4_MOR_COMPOUND_WORDS_CLOSED_COMPOUNDS,playground,matched,2,2,P L EY1 G R AW2 N D / P L EY1 G R AW2 N,primary-secondary,FALSE,,,,,open_licensed,CMU Pronouncing Dictionary,https://github.com/cmusphinx/cmudict,CMUdict BSD-style permissive licence,"Open pronunciation lexicon used for candidate ARPABET syllable, stress, and schwa metadata. CMUdict is primarily American English, so values require British English review before final use.",low,in_review,Candidate CMUdict-derived pronunciation metadata. Review for British English before merging into canonical_word_metadata.csv.
playing_en_gb,playing,playing,en-GB,TRUE,D4_INF_ING_ENDINGS_REGULAR,playing,matched,1,2,P L EY1 IH0 NG,primary-unstressed,FALSE,,,,,open_licensed,CMU Pronouncing Dictionary,https://github.com/cmusphinx/cmudict,CMUdict BSD-style permissive licence,"Open pronunciation lexicon used for candidate ARPABET syllable, stress, and schwa metadata. CMUdict is primarily American English, so values require British English review before final use.",low,in_review,Candidate CMUdict-derived pronunciation metadata. Review for British English before merging into canonical_word_metadata.csv.
plays_en_gb,plays,plays,en-GB,TRUE,D4_INF_PRESENT_TENSE_S,plays,matched,1,1,P L EY1 Z,primary,FALSE,,,,,open_licensed,CMU Pronouncing Dictionary,https://github.com/cmusphinx/cmudict,CMUdict BSD-style permissive licence,"Open pronunciation lexicon used for candidate ARPABET syllable, stress, and schwa metadata. CMUdict is primarily American English, so values require British English review before final use.",low,in_review,Candidate CMUdict-derived pronunciation metadata. Review for British English before merging into canonical_word_metadata.csv.
poisonous_en_gb,poisonous,poisonous,en-GB,TRUE,D4_MOR_SUFFIXES_OUS,poisonous,matched,1,3,P OY1 Z AH0 N AH0 S,primary-unstressed-unstressed,TRUE,,,,,open_licensed,CMU Pronouncing Dictionary,https://github.com/cmusphinx/cmudict,CMUdict BSD-style permissive licence,"Open pronunciation lexicon used for candidate ARPABET syllable, stress, and schwa metadata. CMUdict is primarily American English, so values require British English review before final use.",low,in_review,Candidate CMUdict-derived pronunciation metadata. Review for British English before merging into canonical_word_metadata.csv.
popular_en_gb,popular,popular,en-GB,TRUE,D4_SCHWA_FINAL_AR_FINAL,popular,matched,1,3,P AA1 P Y AH0 L ER0,primary-unstressed-unstressed,TRUE,,,,,open_licensed,CMU Pronouncing Dictionary,https://github.com/cmusphinx/cmudict,CMUdict BSD-style permissive licence,"Open pronunciation lexicon used for candidate ARPABET syllable, stress, and schwa metadata. CMUdict is primarily American English, so values require British English review before final use.",low,in_review,Candidate CMUdict-derived pronunciation metadata. Review for British English before merging into canonical_word_metadata.csv.
possible_en_gb,possible,possible,en-GB,TRUE,D4_MOR_SUFFIXES_ABLE_IBLE,possible,matched,1,3,P AA1 S AH0 B AH0 L,primary-unstressed-unstressed,TRUE,,,,suffix able/ible,open_licensed,CMU Pronouncing Dictionary,https://github.com/cmusphinx/cmudict,CMUdict BSD-style permissive licence,"Open pronunciation lexicon used for candidate ARPABET syllable, stress, and schwa metadata. CMUdict is primarily American English, so values require British English review before final use.",low,in_review,Candidate CMUdict-derived pronunciation metadata. Review for British English before merging into canonical_word_metadata.csv.
preheat_en_gb,preheat,preheat,en-GB,TRUE,D4_MOR_PREFIXES_RE_PRE,,unmatched,0,,,,,,,,,,,,,,,draft,No exact CMUdict match found. Needs another lexicon source or manual review.
preview_en_gb,preview,preview,en-GB,TRUE,D4_MOR_PREFIXES_RE_PRE,preview,matched,1,2,P R IY1 V Y UW2,primary-secondary,FALSE,,,,,open_licensed,CMU Pronouncing Dictionary,https://github.com/cmusphinx/cmudict,CMUdict BSD-style permissive licence,"Open pronunciation lexicon used for candidate ARPABET syllable, stress, and schwa metadata. CMUdict is primarily American English, so values require British English review before final use.",low,in_review,Candidate CMUdict-derived pronunciation metadata. Review for British English before merging into canonical_word_metadata.csv.
readable_en_gb,readable,readable,en-GB,TRUE,D4_MOR_SUFFIXES_ABLE_IBLE,readable,matched,1,3,R IY1 D AH0 B AH0 L,primary-unstressed-unstressed,TRUE,,,,,open_licensed,CMU Pronouncing Dictionary,https://github.com/cmusphinx/cmudict,CMUdict BSD-style permissive licence,"Open pronunciation lexicon used for candidate ARPABET syllable, stress, and schwa metadata. CMUdict is primarily American English, so values require British English review before final use.",low,in_review,Candidate CMUdict-derived pronunciation metadata. Review for British English before merging into canonical_word_metadata.csv.
reading_en_gb,reading,reading,en-GB,TRUE,D4_INF_ING_ENDINGS_REGULAR,reading,matched,2,2,R IY1 D IH0 NG / R EH1 D IH0 NG,primary-unstressed,FALSE,,,,,open_licensed,CMU Pronouncing Dictionary,https://github.com/cmusphinx/cmudict,CMUdict BSD-style permissive licence,"Open pronunciation lexicon used for candidate ARPABET syllable, stress, and schwa metadata. CMUdict is primarily American English, so values require British English review before final use.",low,in_review,Candidate CMUdict-derived pronunciation metadata. Review for British English before merging into canonical_word_metadata.csv.
reads_en_gb,reads,reads,en-GB,TRUE,D4_INF_PRESENT_TENSE_S,reads,matched,1,1,R IY1 D Z,primary,FALSE,,,,,open_licensed,CMU Pronouncing Dictionary,https://github.com/cmusphinx/cmudict,CMUdict BSD-style permissive licence,"Open pronunciation lexicon used for candidate ARPABET syllable, stress, and schwa metadata. CMUdict is primarily American English, so values require British English review before final use.",low,in_review,Candidate CMUdict-derived pronunciation metadata. Review for British English before merging into canonical_word_metadata.csv.
replay_en_gb,replay,replay,en-GB,TRUE,D4_MOR_BASE_WORDS_BASE_PLUS_PREFIX|D4_MOR_PREFIXES_RE_PRE,replay,matched,1,2,R IY0 P L EY1,unstressed-primary,FALSE,,,,,open_licensed,CMU Pronouncing Dictionary,https://github.com/cmusphinx/cmudict,CMUdict BSD-style permissive licence,"Open pronunciation lexicon used for candidate ARPABET syllable, stress, and schwa metadata. CMUdict is primarily American English, so values require British English review before final use.",low,in_review,Candidate CMUdict-derived pronunciation metadata. Review for British English before merging into canonical_word_metadata.csv.
rewrite_en_gb,rewrite,rewrite,en-GB,TRUE,D4_MOR_PREFIXES_RE_PRE,rewrite,matched,2,2,R IY0 R AY1 T / R IY1 R AY2 T,unstressed-primary,FALSE,,,,,open_licensed,CMU Pronouncing Dictionary,https://github.com/cmusphinx/cmudict,CMUdict BSD-style permissive licence,"Open pronunciation lexicon used for candidate ARPABET syllable, stress, and schwa metadata. CMUdict is primarily American English, so values require British English review before final use.",low,in_review,Candidate CMUdict-derived pronunciation metadata. Review for British English before merging into canonical_word_metadata.csv.
ritual_en_gb,ritual,ritual,en-GB,TRUE,D4_SCHWA_MEDIAL_NATURAL_ACTUAL,ritual,matched,1,3,R IH1 CH UW0 AH0 L,primary-unstressed-unstressed,TRUE,,,,natural/actual weak vowel,open_licensed,CMU Pronouncing Dictionary,https://github.com/cmusphinx/cmudict,CMUdict BSD-style permissive licence,"Open pronunciation lexicon used for candidate ARPABET syllable, stress, and schwa metadata. CMUdict is primarily American English, so values require British English review before final use.",low,in_review,Candidate CMUdict-derived pronunciation metadata. Review for British English before merging into canonical_word_metadata.csv.
runner_en_gb,runner,runner,en-GB,TRUE,D4_SCHWA_FINAL_ER_FINAL,runner,matched,1,2,R AH1 N ER0,primary-unstressed,TRUE,,,,,open_licensed,CMU Pronouncing Dictionary,https://github.com/cmusphinx/cmudict,CMUdict BSD-style permissive licence,"Open pronunciation lexicon used for candidate ARPABET syllable, stress, and schwa metadata. CMUdict is primarily American English, so values require British English review before final use.",low,in_review,Candidate CMUdict-derived pronunciation metadata. Review for British English before merging into canonical_word_metadata.csv.
runs_en_gb,runs,runs,en-GB,TRUE,D4_INF_PRESENT_TENSE_S,runs,matched,1,1,R AH1 N Z,primary,FALSE,,,,,open_licensed,CMU Pronouncing Dictionary,https://github.com/cmusphinx/cmudict,CMUdict BSD-style permissive licence,"Open pronunciation lexicon used for candidate ARPABET syllable, stress, and schwa metadata. CMUdict is primarily American English, so values require British English review before final use.",low,in_review,Candidate CMUdict-derived pronunciation metadata. Review for British English before merging into canonical_word_metadata.csv.
sadly_en_gb,sadly,sadly,en-GB,TRUE,D4_MOR_BASE_WORDS_BASE_PLUS_SUFFIX,sadly,matched,1,2,S AE1 D L IY0,primary-unstressed,FALSE,,,,,open_licensed,CMU Pronouncing Dictionary,https://github.com/cmusphinx/cmudict,CMUdict BSD-style permissive licence,"Open pronunciation lexicon used for candidate ARPABET syllable, stress, and schwa metadata. CMUdict is primarily American English, so values require British English review before final use.",low,in_review,Candidate CMUdict-derived pronunciation metadata. Review for British English before merging into canonical_word_metadata.csv.
sadness_en_gb,sadness,sadness,en-GB,TRUE,D4_MOR_SUFFIXES_NESS,sadness,matched,1,2,S AE1 D N AH0 S,primary-unstressed,TRUE,,,,suffix ness,open_licensed,CMU Pronouncing Dictionary,https://github.com/cmusphinx/cmudict,CMUdict BSD-style permissive licence,"Open pronunciation lexicon used for candidate ARPABET syllable, stress, and schwa metadata. CMUdict is primarily American English, so values require British English review before final use.",low,in_review,Candidate CMUdict-derived pronunciation metadata. Review for British English before merging into canonical_word_metadata.csv.
sailor_en_gb,sailor,sailor,en-GB,TRUE,D4_SCHWA_FINAL_OR_FINAL,sailor,matched,1,2,S EY1 L ER0,primary-unstressed,TRUE,,,,,open_licensed,CMU Pronouncing Dictionary,https://github.com/cmusphinx/cmudict,CMUdict BSD-style permissive licence,"Open pronunciation lexicon used for candidate ARPABET syllable, stress, and schwa metadata. CMUdict is primarily American English, so values require British English review before final use.",low,in_review,Candidate CMUdict-derived pronunciation metadata. Review for British English before merging into canonical_word_metadata.csv.
saw_en_gb,saw,saw,en-GB,TRUE,D4_INF_IRREGULAR_INFLECTIONS_IRREGULAR_PAST,saw,matched,1,1,S AO1,primary,FALSE,,,,,open_licensed,CMU Pronouncing Dictionary,https://github.com/cmusphinx/cmudict,CMUdict BSD-style permissive licence,"Open pronunciation lexicon used for candidate ARPABET syllable, stress, and schwa metadata. CMUdict is primarily American English, so values require British English review before final use.",low,in_review,Candidate CMUdict-derived pronunciation metadata. Review for British English before merging into canonical_word_metadata.csv.
separate_en_gb,separate,separate,en-GB,TRUE,D4_SCHWA_MEDIAL_COMMON_WEAK_VOWELS,separate,matched,3,3,S EH1 P ER0 EY2 T / S EH1 P ER0 IH0 T / S EH1 P R AH0 T,primary-unstressed-secondary,TRUE,,,,medial weak vowel,open_licensed,CMU Pronouncing Dictionary,https://github.com/cmusphinx/cmudict,CMUdict BSD-style permissive licence,"Open pronunciation lexicon used for candidate ARPABET syllable, stress, and schwa metadata. CMUdict is primarily American English, so values require British English review before final use.",low,in_review,Candidate CMUdict-derived pronunciation metadata. Review for British English before merging into canonical_word_metadata.csv.
shelves_en_gb,shelves,shelves,en-GB,TRUE,D4_INF_PLURALS_VES,shelves,matched,1,1,SH EH1 L V Z,primary,FALSE,,,,,open_licensed,CMU Pronouncing Dictionary,https://github.com/cmusphinx/cmudict,CMUdict BSD-style permissive licence,"Open pronunciation lexicon used for candidate ARPABET syllable, stress, and schwa metadata. CMUdict is primarily American English, so values require British English review before final use.",low,in_review,Candidate CMUdict-derived pronunciation metadata. Review for British English before merging into canonical_word_metadata.csv.
small_smaller_smallest_en_gb,small,small,en-GB,TRUE,D4_INF_COMPARATIVE_SUPERLATIVE_REGULAR,small,matched,1,1,S M AO1 L,primary,FALSE,,,,,open_licensed,CMU Pronouncing Dictionary,https://github.com/cmusphinx/cmudict,CMUdict BSD-style permissive licence,"Open pronunciation lexicon used for candidate ARPABET syllable, stress, and schwa metadata. CMUdict is primarily American English, so values require British English review before final use.",low,in_review,Candidate CMUdict-derived pronunciation metadata. Review for British English before merging into canonical_word_metadata.csv.
sofa_en_gb,sofa,sofa,en-GB,TRUE,D4_SCHWA_FINAL_A_FINAL,sofa,matched,1,2,S OW1 F AH0,primary-unstressed,TRUE,,,,final unstressed a,open_licensed,CMU Pronouncing Dictionary,https://github.com/cmusphinx/cmudict,CMUdict BSD-style permissive licence,"Open pronunciation lexicon used for candidate ARPABET syllable, stress, and schwa metadata. CMUdict is primarily American English, so values require British English review before final use.",low,in_review,Candidate CMUdict-derived pronunciation metadata. Review for British English before merging into canonical_word_metadata.csv.
started_en_gb,started,started,en-GB,TRUE,D4_INF_PAST_TENSE_ED_ID_SOUND,started,matched,1,2,S T AA1 R T IH0 D,primary-unstressed,FALSE,,,,,open_licensed,CMU Pronouncing Dictionary,https://github.com/cmusphinx/cmudict,CMUdict BSD-style permissive licence,"Open pronunciation lexicon used for candidate ARPABET syllable, stress, and schwa metadata. CMUdict is primarily American English, so values require British English review before final use.",low,in_review,Candidate CMUdict-derived pronunciation metadata. Review for British English before merging into canonical_word_metadata.csv.
stories_en_gb,stories,stories,en-GB,TRUE,D4_INF_PLURALS_IES,stories,matched,1,2,S T AO1 R IY0 Z,primary-unstressed,FALSE,,,,,open_licensed,CMU Pronouncing Dictionary,https://github.com/cmusphinx/cmudict,CMUdict BSD-style permissive licence,"Open pronunciation lexicon used for candidate ARPABET syllable, stress, and schwa metadata. CMUdict is primarily American English, so values require British English review before final use.",low,in_review,Candidate CMUdict-derived pronunciation metadata. Review for British English before merging into canonical_word_metadata.csv.
studies_en_gb,studies,studies,en-GB,TRUE,D4_INF_PRESENT_TENSE_Y_TO_IES,studies,matched,1,2,S T AH1 D IY0 Z,primary-unstressed,FALSE,,,,present tense y to ies,open_licensed,CMU Pronouncing Dictionary,https://github.com/cmusphinx/cmudict,CMUdict BSD-style permissive licence,"Open pronunciation lexicon used for candidate ARPABET syllable, stress, and schwa metadata. CMUdict is primarily American English, so values require British English review before final use.",low,in_review,Candidate CMUdict-derived pronunciation metadata. Review for British English before merging into canonical_word_metadata.csv.
submarine_en_gb,submarine,submarine,en-GB,TRUE,D4_MOR_PREFIXES_SUB_INTER_SUPER,submarine,matched,2,3,S AH1 B M ER0 IY2 N / S AH2 B M ER0 IY1 N,primary-unstressed-secondary,TRUE,,,,,open_licensed,CMU Pronouncing Dictionary,https://github.com/cmusphinx/cmudict,CMUdict BSD-style permissive licence,"Open pronunciation lexicon used for candidate ARPABET syllable, stress, and schwa metadata. CMUdict is primarily American English, so values require British English review before final use.",low,in_review,Candidate CMUdict-derived pronunciation metadata. Review for British English before merging into canonical_word_metadata.csv.
sunshine_en_gb,sunshine,sunshine,en-GB,TRUE,D4_MOR_COMPOUND_WORDS_CLOSED_COMPOUNDS,sunshine,matched,1,2,S AH1 N SH AY2 N,primary-secondary,FALSE,,,,,open_licensed,CMU Pronouncing Dictionary,https://github.com/cmusphinx/cmudict,CMUdict BSD-style permissive licence,"Open pronunciation lexicon used for candidate ARPABET syllable, stress, and schwa metadata. CMUdict is primarily American English, so values require British English review before final use.",low,in_review,Candidate CMUdict-derived pronunciation metadata. Review for British English before merging into canonical_word_metadata.csv.
superman_en_gb,superman,superman,en-GB,TRUE,D4_MOR_PREFIXES_SUB_INTER_SUPER,superman,matched,2,3,S UW1 P ER0 M AH0 N / S UW1 P ER0 M AE2 N,primary-unstressed-unstressed,TRUE,,,,,open_licensed,CMU Pronouncing Dictionary,https://github.com/cmusphinx/cmudict,CMUdict BSD-style permissive licence,"Open pronunciation lexicon used for candidate ARPABET syllable, stress, and schwa metadata. CMUdict is primarily American English, so values require British English review before final use.",low,in_review,Candidate CMUdict-derived pronunciation metadata. Review for British English before merging into canonical_word_metadata.csv.
supermarket_en_gb,supermarket,supermarket,en-GB,TRUE,D4_MOR_PREFIXES_SUB_INTER_SUPER,supermarket,matched,1,4,S UW1 P ER0 M AA2 R K IH0 T,primary-unstressed-secondary-unstressed,TRUE,,,,,open_licensed,CMU Pronouncing Dictionary,https://github.com/cmusphinx/cmudict,CMUdict BSD-style permissive licence,"Open pronunciation lexicon used for candidate ARPABET syllable, stress, and schwa metadata. CMUdict is primarily American English, so values require British English review before final use.",low,in_review,Candidate CMUdict-derived pronunciation metadata. Review for British English before merging into canonical_word_metadata.csv.
tall_taller_tallest_en_gb,tall/taller/tallest,tall/taller/tallest,en-GB,TRUE,D4_INF_COMPARATIVE_SUPERLATIVE_REGULAR,tall,matched,1,1,T AO1 L,primary,FALSE,,,,,open_licensed,CMU Pronouncing Dictionary,https://github.com/cmusphinx/cmudict,CMUdict BSD-style permissive licence,"Open pronunciation lexicon used for candidate ARPABET syllable, stress, and schwa metadata. CMUdict is primarily American English, so values require British English review before final use.",low,in_review,Candidate CMUdict-derived pronunciation metadata. Review for British English before merging into canonical_word_metadata.csv.
teacher_en_gb,teacher,teacher,en-GB,TRUE,D4_MOR_BASE_WORDS_BASE_PLUS_SUFFIX|D4_SCHWA_FINAL_ER_FINAL,teacher,matched,1,2,T IY1 CH ER0,primary-unstressed,TRUE,,,,final unstressed er,open_licensed,CMU Pronouncing Dictionary,https://github.com/cmusphinx/cmudict,CMUdict BSD-style permissive licence,"Open pronunciation lexicon used for candidate ARPABET syllable, stress, and schwa metadata. CMUdict is primarily American English, so values require British English review before final use.",low,in_review,Candidate CMUdict-derived pronunciation metadata. Review for British English before merging into canonical_word_metadata.csv.
teeth_en_gb,teeth,teeth,en-GB,TRUE,D4_INF_IRREGULAR_INFLECTIONS_IRREGULAR_PLURALS,teeth,matched,1,1,T IY1 TH,primary,FALSE,,,,,open_licensed,CMU Pronouncing Dictionary,https://github.com/cmusphinx/cmudict,CMUdict BSD-style permissive licence,"Open pronunciation lexicon used for candidate ARPABET syllable, stress, and schwa metadata. CMUdict is primarily American English, so values require British English review before final use.",low,in_review,Candidate CMUdict-derived pronunciation metadata. Review for British English before merging into canonical_word_metadata.csv.
thermometer_en_gb,thermometer,thermometer,en-GB,TRUE,D4_MOR_ROOTS_SCIENCE_MATH_ROOTS,thermometer,matched,1,4,TH ER0 M AA1 M AH0 T ER0,unstressed-primary-unstressed-unstressed,TRUE,,,,,open_licensed,CMU Pronouncing Dictionary,https://github.com/cmusphinx/cmudict,CMUdict BSD-style permissive licence,"Open pronunciation lexicon used for candidate ARPABET syllable, stress, and schwa metadata. CMUdict is primarily American English, so values require British English review before final use.",low,in_review,Candidate CMUdict-derived pronunciation metadata. Review for British English before merging into canonical_word_metadata.csv.
triangle_en_gb,triangle,triangle,en-GB,TRUE,D4_MOR_ROOTS_SCIENCE_MATH_ROOTS,triangle,matched,1,3,T R AY1 AE2 NG G AH0 L,primary-secondary-unstressed,TRUE,,,,,open_licensed,CMU Pronouncing Dictionary,https://github.com/cmusphinx/cmudict,CMUdict BSD-style permissive licence,"Open pronunciation lexicon used for candidate ARPABET syllable, stress, and schwa metadata. CMUdict is primarily American English, so values require British English review before final use.",low,in_review,Candidate CMUdict-derived pronunciation metadata. Review for British English before merging into canonical_word_metadata.csv.
tries_en_gb,tries,tries,en-GB,TRUE,D4_INF_PRESENT_TENSE_Y_TO_IES,tries,matched,1,1,T R AY1 Z,primary,FALSE,,,,present tense y to ies,open_licensed,CMU Pronouncing Dictionary,https://github.com/cmusphinx/cmudict,CMUdict BSD-style permissive licence,"Open pronunciation lexicon used for candidate ARPABET syllable, stress, and schwa metadata. CMUdict is primarily American English, so values require British English review before final use.",low,in_review,Candidate CMUdict-derived pronunciation metadata. Review for British English before merging into canonical_word_metadata.csv.
twenty_one_en_gb,twenty-one,twenty-one,en-GB,TRUE,D4_MOR_COMPOUND_WORDS_SEPARATED_HYPHENATED,twenty-one,matched,1,3,T W EH1 N T IY0 W AO2 N,primary-unstressed-secondary,FALSE,,,,,open_licensed,CMU Pronouncing Dictionary,https://github.com/cmusphinx/cmudict,CMUdict BSD-style permissive licence,"Open pronunciation lexicon used for candidate ARPABET syllable, stress, and schwa metadata. CMUdict is primarily American English, so values require British English review before final use.",low,in_review,Candidate CMUdict-derived pronunciation metadata. Review for British English before merging into canonical_word_metadata.csv.
unfair_en_gb,unfair,unfair,en-GB,TRUE,D4_MOR_PREFIXES_UN,unfair,matched,3,2,AH0 N F EH1 R / AH1 N F EH1 R / AO2 N F EH1 R,unstressed-primary,TRUE,,,,,open_licensed,CMU Pronouncing Dictionary,https://github.com/cmusphinx/cmudict,CMUdict BSD-style permissive licence,"Open pronunciation lexicon used for candidate ARPABET syllable, stress, and schwa metadata. CMUdict is primarily American English, so values require British English review before final use.",low,in_review,Candidate CMUdict-derived pronunciation metadata. Review for British English before merging into canonical_word_metadata.csv.
unhappy_en_gb,unhappy,unhappy,en-GB,TRUE,D4_MOR_BASE_WORDS_BASE_PLUS_PREFIX|D4_MOR_PREFIXES_UN,unhappy,matched,1,3,AH0 N HH AE1 P IY0,unstressed-primary-unstressed,TRUE,,,,,open_licensed,CMU Pronouncing Dictionary,https://github.com/cmusphinx/cmudict,CMUdict BSD-style permissive licence,"Open pronunciation lexicon used for candidate ARPABET syllable, stress, and schwa metadata. CMUdict is primarily American English, so values require British English review before final use.",low,in_review,Candidate CMUdict-derived pronunciation metadata. Review for British English before merging into canonical_word_metadata.csv.
unkind_en_gb,unkind,unkind,en-GB,TRUE,D4_MOR_PREFIXES_UN,unkind,matched,1,2,AH0 N K AY1 N D,unstressed-primary,TRUE,,,,,open_licensed,CMU Pronouncing Dictionary,https://github.com/cmusphinx/cmudict,CMUdict BSD-style permissive licence,"Open pronunciation lexicon used for candidate ARPABET syllable, stress, and schwa metadata. CMUdict is primarily American English, so values require British English review before final use.",low,in_review,Candidate CMUdict-derived pronunciation metadata. Review for British English before merging into canonical_word_metadata.csv.
unlock_en_gb,unlock,unlock,en-GB,TRUE,D4_MOR_PREFIXES_UN,unlock,matched,1,2,AH0 N L AA1 K,unstressed-primary,TRUE,,,,,open_licensed,CMU Pronouncing Dictionary,https://github.com/cmusphinx/cmudict,CMUdict BSD-style permissive licence,"Open pronunciation lexicon used for candidate ARPABET syllable, stress, and schwa metadata. CMUdict is primarily American English, so values require British English review before final use.",low,in_review,Candidate CMUdict-derived pronunciation metadata. Review for British English before merging into canonical_word_metadata.csv.
visible_en_gb,visible,visible,en-GB,TRUE,D4_MOR_SUFFIXES_ABLE_IBLE,visible,matched,1,3,V IH1 Z AH0 B AH0 L,primary-unstressed-unstressed,TRUE,,,,suffix able/ible,open_licensed,CMU Pronouncing Dictionary,https://github.com/cmusphinx/cmudict,CMUdict BSD-style permissive licence,"Open pronunciation lexicon used for candidate ARPABET syllable, stress, and schwa metadata. CMUdict is primarily American English, so values require British English review before final use.",low,in_review,Candidate CMUdict-derived pronunciation metadata. Review for British English before merging into canonical_word_metadata.csv.
visitor_en_gb,visitor,visitor,en-GB,TRUE,D4_SCHWA_FINAL_OR_FINAL,visitor,matched,1,3,V IH1 Z IH0 T ER0,primary-unstressed-unstressed,TRUE,,,,,open_licensed,CMU Pronouncing Dictionary,https://github.com/cmusphinx/cmudict,CMUdict BSD-style permissive licence,"Open pronunciation lexicon used for candidate ARPABET syllable, stress, and schwa metadata. CMUdict is primarily American English, so values require British English review before final use.",low,in_review,Candidate CMUdict-derived pronunciation metadata. Review for British English before merging into canonical_word_metadata.csv.
walked_en_gb,walked,walked,en-GB,TRUE,D4_INF_PAST_TENSE_ED_T_SOUND,walked,matched,1,1,W AO1 K T,primary,FALSE,,,,,open_licensed,CMU Pronouncing Dictionary,https://github.com/cmusphinx/cmudict,CMUdict BSD-style permissive licence,"Open pronunciation lexicon used for candidate ARPABET syllable, stress, and schwa metadata. CMUdict is primarily American English, so values require British English review before final use.",low,in_review,Candidate CMUdict-derived pronunciation metadata. Review for British English before merging into canonical_word_metadata.csv.
wanted_en_gb,wanted,wanted,en-GB,TRUE,D4_INF_PAST_TENSE_ED_ID_SOUND,wanted,matched,1,2,W AO1 N T IH0 D,primary-unstressed,FALSE,,,,,open_licensed,CMU Pronouncing Dictionary,https://github.com/cmusphinx/cmudict,CMUdict BSD-style permissive licence,"Open pronunciation lexicon used for candidate ARPABET syllable, stress, and schwa metadata. CMUdict is primarily American English, so values require British English review before final use.",low,in_review,Candidate CMUdict-derived pronunciation metadata. Review for British English before merging into canonical_word_metadata.csv.
watches_en_gb,watches,watches,en-GB,TRUE,D4_INF_PRESENT_TENSE_ES,watches,matched,2,2,W AA1 CH AH0 Z / W AA1 CH IH0 Z,primary-unstressed,TRUE,,,,,open_licensed,CMU Pronouncing Dictionary,https://github.com/cmusphinx/cmudict,CMUdict BSD-style permissive licence,"Open pronunciation lexicon used for candidate ARPABET syllable, stress, and schwa metadata. CMUdict is primarily American English, so values require British English review before final use.",low,in_review,Candidate CMUdict-derived pronunciation metadata. Review for British English before merging into canonical_word_metadata.csv.
well_being_en_gb,well-being,well-being,en-GB,TRUE,D4_MOR_COMPOUND_WORDS_SEPARATED_HYPHENATED,well-being,matched,1,3,W EH2 L B IY1 IH0 NG,secondary-primary-unstressed,FALSE,,,,,open_licensed,CMU Pronouncing Dictionary,https://github.com/cmusphinx/cmudict,CMUdict BSD-style permissive licence,"Open pronunciation lexicon used for candidate ARPABET syllable, stress, and schwa metadata. CMUdict is primarily American English, so values require British English review before final use.",low,in_review,Candidate CMUdict-derived pronunciation metadata. Review for British English before merging into canonical_word_metadata.csv.
went_en_gb,went,went,en-GB,TRUE,D4_INF_IRREGULAR_INFLECTIONS_IRREGULAR_PAST,went,matched,1,1,W EH1 N T,primary,FALSE,,,,,open_licensed,CMU Pronouncing Dictionary,https://github.com/cmusphinx/cmudict,CMUdict BSD-style permissive licence,"Open pronunciation lexicon used for candidate ARPABET syllable, stress, and schwa metadata. CMUdict is primarily American English, so values require British English review before final use.",low,in_review,Candidate CMUdict-derived pronunciation metadata. Review for British English before merging into canonical_word_metadata.csv.
wishes_en_gb,wishes,wishes,en-GB,TRUE,D4_INF_PLURALS_ES,wishes,matched,1,2,W IH1 SH IH0 Z,primary-unstressed,FALSE,,,,plural es,open_licensed,CMU Pronouncing Dictionary,https://github.com/cmusphinx/cmudict,CMUdict BSD-style permissive licence,"Open pronunciation lexicon used for candidate ARPABET syllable, stress, and schwa metadata. CMUdict is primarily American English, so values require British English review before final use.",low,in_review,Candidate CMUdict-derived pronunciation metadata. Review for British English before merging into canonical_word_metadata.csv.
wolves_en_gb,wolves,wolves,en-GB,TRUE,D4_INF_PLURALS_VES,wolves,matched,1,1,W UH1 L V Z,primary,FALSE,,,,plural ves,open_licensed,CMU Pronouncing Dictionary,https://github.com/cmusphinx/cmudict,CMUdict BSD-style permissive licence,"Open pronunciation lexicon used for candidate ARPABET syllable, stress, and schwa metadata. CMUdict is primarily American English, so values require British English review before final use.",low,in_review,Candidate CMUdict-derived pronunciation metadata. Review for British English before merging into canonical_word_metadata.csv.
worker_en_gb,worker,worker,en-GB,TRUE,D4_SCHWA_FINAL_ER_FINAL,worker,matched,1,2,W ER1 K ER0,primary-unstressed,TRUE,,,,,open_licensed,CMU Pronouncing Dictionary,https://github.com/cmusphinx/cmudict,CMUdict BSD-style permissive licence,"Open pronunciation lexicon used for candidate ARPABET syllable, stress, and schwa metadata. CMUdict is primarily American English, so values require British English review before final use.",low,in_review,Candidate CMUdict-derived pronunciation metadata. Review for British English before merging into canonical_word_metadata.csv.
zebra_en_gb,zebra,zebra,en-GB,TRUE,D4_SCHWA_FINAL_A_FINAL,zebra,matched,1,2,Z IY1 B R AH0,primary-unstressed,TRUE,,,,,open_licensed,CMU Pronouncing Dictionary,https://github.com/cmusphinx/cmudict,CMUdict BSD-style permissive licence,"Open pronunciation lexicon used for candidate ARPABET syllable, stress, and schwa metadata. CMUdict is primarily American English, so values require British English review before final use.",low,in_review,Candidate CMUdict-derived pronunciation metadata. Review for British English before merging into canonical_word_metadata.csv.
