word,source,ipa,cmu,ipaVariantCount,syllables,phonemeCount,approvalSafety,structuralScore,complexityLevel,reviewStatus,stagingActivation
disagree,british_ipa,/dňĆ…™s…ź…°…Ļňąiňź/,D IH0 S AH0 G R IY1,1,3,9,safe_to_approve_candidate,6,3,approved_for_guided_review,blocked_until_all_fields_are_approved
disappear,british_ipa,/dňĆ…™s…źpňąi…ô/,D IH2 S AH0 P IH1 R,1,3,9,in_review,7,3,in_review,blocked_until_all_fields_are_approved
dishonest,british_ipa,/d…™sňą…ín…™st/,D IH0 S AA1 N AH0 S T,1,3,9,in_review,6,3,in_review,blocked_until_all_fields_are_approved
dissatisfied,british_ipa,/d…™sňą√¶t…™sfňĆa…™d/,D IH0 S AE1 T AH0 S F AY2 D,1,4,12,in_review,10,3,in_review,blocked_until_all_fields_are_approved
misbehave,british_ipa,/m…™sb…™hňąe…™v/,M IH2 S B AH0 HH EY1 V,1,3,9,in_review,6,3,in_review,blocked_until_all_fields_are_approved
mislead,british_ipa,/m…™slňąiňźd/,M IH0 S L IY1 D,1,2,7,safe_to_approve_candidate,4,2,approved_for_guided_review,blocked_until_all_fields_are_approved
misspell,british_ipa,/m…™sspňą…õl/,M IH0 S S P EH1 L,1,2,8,in_review,6,3,in_review,blocked_until_all_fields_are_approved
illegal,british_ipa,/…™lňąiňź…°…ôl/,IH2 L IY1 G AH0 L,1,3,7,safe_to_approve_candidate,8,3,approved_for_guided_review,blocked_until_all_fields_are_approved
impatient,british_ipa,/…™mpňąe…™ É…ônt/,IH2 M P EY1 SH AH0 N T,1,3,9,safe_to_approve_candidate,9,3,approved_for_guided_review,blocked_until_all_fields_are_approved
impossible,british_ipa,/…™mpňą…ís…ôb…ôl/,IH2 M P AA1 S AH0 B AH0 L,1,4,10,safe_to_approve_candidate,10,3,approved_for_guided_review,blocked_until_all_fields_are_approved
incorrect,british_ipa,/…™nk…ô…Ļňą…õkt/,IH2 N K ER0 EH1 K T,1,3,9,safe_to_approve_candidate,7,3,approved_for_guided_review,blocked_until_all_fields_are_approved
invisible,british_ipa,/…™nvňą…™z…ôb…ôl/,IH2 N V IH1 Z AH0 B AH0 L,1,4,10,safe_to_approve_candidate,9,3,approved_for_guided_review,blocked_until_all_fields_are_approved
irregular,british_ipa,/…™…Ļňą…õ…°juňźl…ź/,IH2 R EH1 G Y AH0 L ER0,1,4,9,safe_to_approve_candidate,10,3,approved_for_guided_review,blocked_until_all_fields_are_approved
irresponsible,british_ipa,/…™…Ļ…™spňą…íns…ôb…ôl/,IH2 R AH0 S P AA1 N S AH0 B AH0 L,1,5,13,safe_to_approve_candidate,11,3,approved_for_guided_review,blocked_until_all_fields_are_approved
predict,british_ipa,/p…Ļ…™dňą…™kt/,P R IH0 D IH1 K T,1,2,8,in_review,4,2,in_review,blocked_until_all_fields_are_approved
preheat,british_ipa,/p…Ļ…™hňąiňźt/,,1,2,7,in_review,4,2,in_review,blocked_until_all_fields_are_approved
preschool,british_ipa,/p…Ļňąiňźskuňźl/,P R IY0 S K UW1 L,1,2,8,in_review,5,2,in_review,blocked_until_all_fields_are_approved
preview,british_ipa,/p…Ļňąiňźvjuňź/,P R IY1 V Y UW2,1,2,7,safe_to_approve_candidate,4,2,approved_for_guided_review,blocked_until_all_fields_are_approved
rebuild,british_ipa,/…Ļ…™bňą…™ld/,R IY0 B IH1 L D,1,2,7,safe_to_approve_candidate,4,2,approved_for_guided_review,blocked_until_all_fields_are_approved
replay,human_approved_uk_ipa,/ňĆriňźňąple…™/,R IY0 P L EY1,0,2,7,safe_to_approve_candidate,3,2,approved_for_guided_review,blocked_until_all_fields_are_approved
return,human_approved_uk_ipa,/r…™ňąt…úňźn/,R IH0 T ER1 N,0,2,6,safe_to_approve_candidate,3,2,approved_for_guided_review,blocked_until_all_fields_are_approved
interact,british_ipa,/ňĆ…™nt…ô…Ļňą√¶kt/,IH2 N T ER0 AE1 K T,1,3,10,in_review,6,3,in_review,blocked_until_all_fields_are_approved
international,british_ipa,/ňĆ…™nt…ônňą√¶ É…ôn…ôl/,IH2 N T ER0 N AE1 SH AH0 N AH0 L,1,5,13,in_review,9,3,in_review,blocked_until_all_fields_are_approved
subheading,human_approved_uk_ipa,/ňąs ĆbňĆhed…™Ňč/,,0,3,10,safe_to_approve_candidate,7,3,approved_for_guided_review,blocked_until_all_fields_are_approved
submarine,british_ipa,/sňą Ćbm…ô…ĻňĆiňźn/,S AH1 B M ER0 IY2 N,1,3,10,in_review,7,3,in_review,blocked_until_all_fields_are_approved
subway,british_ipa,/sňą Ćbwe…™/,S AH1 B W EY2,1,2,6,safe_to_approve_candidate,3,2,approved_for_guided_review,blocked_until_all_fields_are_approved
superhero,british_ipa,/sňąuňźp…ôhňĆi…ô…Ļ…ô ä/,S UW2 P ER0 HH IY1 R OW0,1,4,11,in_review,8,3,in_review,blocked_until_all_fields_are_approved
supermarket,british_ipa,/sňąuňźp…ômňĆ…Ďňźk…™t/,S UW1 P ER0 M AA2 R K IH0 T,1,4,11,safe_to_approve_candidate,8,3,approved_for_guided_review,blocked_until_all_fields_are_approved
